{
    "cv_rmsle": {
        "formation_energy_ev_natom": 0.03277974873941516,
        "bandgap_energy_ev": 0.09123302917386086,
        "mean": 0.062006388956638014
    },
    "n_train": 2400,
    "n_test": 600,
    "model": "LightGBM Regressor (5-fold CV, log1p transform)"
}