{
  "cv_rmsle": {
    "formation_energy_ev_natom": 0.041724756634786545,
    "bandgap_energy_ev": 0.23554743506968934,
    "mean": 0.13863609585223793
  },
  "n_train": 2400,
  "n_test": 600,
  "model": "GradientBoostingRegressor (5-fold CV)"
}