{
    "cv_rmsle": {
        "formation_energy_ev_natom": 0.06890703026826894,
        "bandgap_energy_ev": 0.15508813564741233,
        "mean": 0.11199758295784064
    },
    "n_train": 2400,
    "n_test": 600,
    "model": "HuberRegressor with MultiOutputRegressor"
}