{
    "cv_rmsle": {
        "formation_energy_ev_natom": 0.06783421345856527,
        "bandgap_energy_ev": 0.1426483655365037,
        "mean": 0.10524128949753449
    },
    "n_train": 2400,
    "n_test": 600,
    "model": "Ridge (5-fold CV)"
}